[
  {
    "id": 2,
    "url": "https://4-cards-new.vercel.app/",
    "name": "4 Cards",
    "creator": "Aditya Chaudhary",
    "ratings": 4.5
  },
  {
    "id": 3,
    "url": "https://itch.io/embed-upload/1880291?color=333333",
    "name": "Just Slide",
    "creator": "Aditya Chaudhary",
    "ratings": 4.3
  },
  {
    "id": 4,
    "url": "https://weave-word.vercel.app/",
    "name": "Weave Word",
    "creator": "Vaishnavi",
    "ratings": 4.5
  },
  {
     "id": 5,
    "url": "https://chess_arlink.ar-io.dev/",
    "name": "Chess",
    "creator": "Sam",
    "ratings": 3.4

  },
  {
    "id": 5,
    "url": "https://gem-hunter-ao.vercel.app/",
    "name": "Gem Hunter",
    "creator": "Aman",
    "ratings": 3.4
  },
  {
    "id": 6,
    "url": "https://bsehovac.github.io/the-cube/",
    "name": "Cube",
    "creator": "Hovac",
    "ratings": 4.7
  },
  {
    "id": 7,
    "url": "https://bobrov.dev/pacman-pwa/",
    "name": "Pacman",
    "creator": "Bob",
    "ratings": 4.1
  },
  {
    "id": 8,
    "url": "https://www.towergame.app/",
    "name": "Tower Game",
    "creator": "Robin",
    "ratings": 3.5
  },
  {
    "id": 9,
    "url": "https://snake-pwa.github.io/",
    "name": "Snake",
    "creator": "Alex",
    "ratings": 4.0
  },
  {
    "id": 11,
    "url": "https://game318298.konggames.com/gamez/0031/8298/live/index.html?kongregate_game_version=1586601715&kongregate_host=www.congregate.com",
    "name": "Fruit Reset",
    "creator": "Aditya Chaudhary",
    "ratings": 4.5
  },
  {
    "id": 10,
    "url": "https://game323505.konggames.com/gamez/0032/3505/live/index.html",
    "name": "Just Slide Remastered",
    "creator": "Aditya Chaudhary",
    "ratings": 4.3
  }
]